,date,IAQI
0,2013-01-01,93.79068181818184
1,2013-01-02,64.03687500000002
2,2013-01-03,56.6687094155844
3,2013-01-04,75.25663149350648
4,2013-01-05,104.5375
5,2013-01-06,147.86604707792213
6,2013-01-07,172.611810064935
7,2013-01-08,193.98366071428572
8,2013-01-09,153.40909090909096
9,2013-01-10,98.97073863636363
10,2013-01-11,108.12599025974026
11,2013-01-12,216.7725649350649
12,2013-01-13,162.1064123376623
13,2013-01-14,169.55849025974027
14,2013-01-15,195.2365584415584
15,2013-01-16,203.78448863636365
16,2013-01-17,87.54163961038961
17,2013-01-18,139.28068181818185
18,2013-01-19,167.95901785714284
19,2013-01-20,98.19097402597404
20,2013-01-21,128.41489448051948
21,2013-01-22,142.99007305194803
22,2013-01-23,165.42926948051948
23,2013-01-24,195.74427759740263
24,2013-01-25,173.53944805194809
25,2013-01-26,163.66439123376628
26,2013-01-27,84.69713474025974
27,2013-01-28,148.4269074675325
28,2013-01-29,187.74127435064935
29,2013-01-30,213.92876623376625
30,2013-01-31,106.50193181818184
31,2013-02-01,126.82524350649344
32,2013-02-02,69.4101866883117
33,2013-02-03,47.09477272727272
34,2013-02-04,72.64634740259741
35,2013-02-05,52.48392857142857
36,2013-02-06,93.99387175324674
37,2013-02-07,81.15833603896104
38,2013-02-08,42.456136363636354
39,2013-02-09,81.63920454545453
40,2013-02-10,183.0016396103896
41,2013-02-11,93.2516801948052
42,2013-02-12,76.0408116883117
43,2013-02-13,151.46052759740255
44,2013-02-14,131.01708603896105
45,2013-02-15,147.0251542207792
46,2013-02-16,115.9153246753247
47,2013-02-17,69.42329545454544
48,2013-02-18,63.65504870129871
49,2013-02-19,44.02063311688311
50,2013-02-20,74.8825
51,2013-02-21,103.61931818181816
52,2013-02-22,145.5240178571429
53,2013-02-23,222.576185064935
54,2013-02-24,167.6191883116884
55,2013-02-25,83.98369318181818
56,2013-02-26,113.97537337662337
57,2013-02-27,148.3083603896104
58,2013-02-28,118.50458603896104
59,2013-03-01,83.51227272727273
60,2013-03-02,48.29454545454544
61,2013-03-03,77.41375000000002
62,2013-03-04,113.1855113636364
63,2013-03-05,144.58452922077925
64,2013-03-06,143.94913149350648
65,2013-03-07,150.17831980519483
66,2013-03-08,141.44255681818183
67,2013-03-09,146.3378003246753
68,2013-03-10,81.48420454545455
69,2013-03-11,47.243863636363656
70,2013-03-12,87.28994318181819
71,2013-03-13,61.8792775974026
72,2013-03-14,48.308068181818165
73,2013-03-15,73.9274431818182
74,2013-03-16,119.38487012987017
75,2013-03-17,80.3513392857143
76,2013-03-18,102.8855681818182
77,2013-03-19,148.57938311688312
78,2013-03-20,73.82659090909091
79,2013-03-21,60.46784090909091
80,2013-03-22,98.6375
81,2013-03-23,76.89914772727273
82,2013-03-24,88.65414772727271
83,2013-03-25,55.63926136363636
84,2013-03-26,45.56530032467532
85,2013-03-27,76.29943181818183
86,2013-03-28,118.18345779220778
87,2013-03-29,62.29636363636366
88,2013-03-30,61.14215909090908
89,2013-03-31,56.40721590909092
90,2013-04-01,93.11903409090908
91,2013-04-02,85.29659090909091
92,2013-04-03,75.29397727272728
93,2013-04-04,69.21267045454546
94,2013-04-05,62.35262175324674
95,2013-04-06,53.89681006493508
96,2013-04-07,65.98034090909093
97,2013-04-08,94.44869318181824
98,2013-04-09,91.21977272727273
99,2013-04-10,83.30397727272727
100,2013-04-11,80.58085227272728
101,2013-04-12,85.63670454545453
102,2013-04-13,101.04107954545456
103,2013-04-14,81.17125
104,2013-04-15,93.53170454545456
105,2013-04-16,96.59539772727273
106,2013-04-17,90.43608766233768
107,2013-04-18,90.35039772727272
108,2013-04-19,49.87261363636364
109,2013-04-20,45.35133116883117
110,2013-04-21,90.81193181818183
111,2013-04-22,84.65757575757576
112,2013-04-23,83.38835227272727
113,2013-04-24,122.41038961038964
114,2013-04-25,120.29556818181818
115,2013-04-26,83.27380681818182
116,2013-04-27,93.56022727272726
117,2013-04-28,83.43767045454544
118,2013-04-29,74.74022727272727
119,2013-04-30,65.0343181818182
120,2013-05-01,63.77255681818183
121,2013-05-02,62.553977272727295
122,2013-05-03,72.44647727272728
123,2013-05-04,70.74397727272729
124,2013-05-05,72.48232954545455
125,2013-05-06,77.20744318181818
126,2013-05-07,68.92742424242425
127,2013-05-08,55.79659902597404
128,2013-05-09,70.12585227272726
129,2013-05-10,117.9318181818182
130,2013-05-11,114.03111201298702
131,2013-05-12,91.77965367965368
132,2013-05-13,85.30477272727272
133,2013-05-14,83.32363636363635
134,2013-05-15,68.62551136363635
135,2013-05-16,48.89779220779221
136,2013-05-17,45.33480519480519
137,2013-05-18,49.83989448051948
138,2013-05-19,90.5636363636364
139,2013-05-20,105.9588474025974
140,2013-05-21,129.5518912337662
141,2013-05-22,104.62159090909094
142,2013-05-23,71.38335227272728
143,2013-05-24,83.5653409090909
144,2013-05-25,93.13028409090909
145,2013-05-26,66.80136363636362
146,2013-05-27,41.20530844155845
147,2013-05-28,69.28051136363636
148,2013-05-29,104.33007305194803
149,2013-05-30,62.45728084415584
150,2013-05-31,63.05997564935062
151,2013-06-01,96.59886363636362
152,2013-06-02,57.34566287878786
153,2013-06-03,96.83293831168832
154,2013-06-04,94.65672348484846
155,2013-06-05,76.04505681818183
156,2013-06-06,67.79334415584418
157,2013-06-07,51.841452922077934
158,2013-06-08,40.46022727272728
159,2013-06-09,42.7625
160,2013-06-10,75.10408008658008
161,2013-06-11,103.79277597402596
162,2013-06-12,103.22568993506496
163,2013-06-13,124.50511363636365
164,2013-06-14,107.52858766233766
165,2013-06-15,106.80958603896102
166,2013-06-16,113.24212662337658
167,2013-06-17,99.46977272727273
168,2013-06-18,90.50535714285716
169,2013-06-19,79.13896103896106
170,2013-06-20,78.86781655844153
171,2013-06-21,91.29820616883111
172,2013-06-22,96.57897456709956
173,2013-06-23,91.98967803030304
174,2013-06-24,84.031875
175,2013-06-25,54.91139610389612
176,2013-06-26,50.90414502164503
177,2013-06-27,74.03436417748918
178,2013-06-28,57.62905303030303
179,2013-06-29,60.41498647186149
180,2013-06-30,67.0505681818182
181,2013-07-01,73.88795454545458
182,2013-07-02,58.07846590909092
183,2013-07-03,48.62534090909091
184,2013-07-04,50.59511363636363
185,2013-07-05,41.316826298701294
186,2013-07-06,51.990186688311695
187,2013-07-07,55.40488636363636
188,2013-07-08,51.072573051948055
189,2013-07-09,52.4967803030303
190,2013-07-10,59.62698863636364
191,2013-07-11,66.4594214876033
192,2013-07-12,71.46232954545454
193,2013-07-13,53.45227272727274
194,2013-07-14,49.56988636363637
195,2013-07-15,43.98181818181818
196,2013-07-16,47.08420454545456
197,2013-07-17,59.2609659090909
198,2013-07-18,58.95585227272727
199,2013-07-19,53.10336038961041
200,2013-07-20,54.96313311688311
201,2013-07-21,46.86324675324674
202,2013-07-22,45.83136363636365
203,2013-07-23,49.24357954545454
204,2013-07-24,62.94244318181816
205,2013-07-25,65.00016233766235
206,2013-07-26,76.35152597402598
207,2013-07-27,68.29740259740262
208,2013-07-28,55.71691287878789
209,2013-07-29,56.35113636363637
210,2013-07-30,56.21085227272727
211,2013-07-31,56.31176136363638
212,2013-08-01,57.88982954545454
213,2013-08-02,51.94734848484848
214,2013-08-03,49.26227272727272
215,2013-08-04,47.57056818181818
216,2013-08-05,54.65761363636364
217,2013-08-06,63.229261363636354
218,2013-08-07,63.23583333333333
219,2013-08-08,66.46089556277055
220,2013-08-09,67.30776515151513
221,2013-08-10,73.43960055096422
222,2013-08-11,85.13232954545452
223,2013-08-12,72.92992424242426
224,2013-08-13,61.2391856060606
225,2013-08-14,54.11765151515153
226,2013-08-15,56.31007575757578
227,2013-08-16,59.00142045454545
228,2013-08-17,58.788484848484856
229,2013-08-18,66.73867424242424
230,2013-08-19,46.39731060606061
231,2013-08-20,39.07715909090909
232,2013-08-21,40.87806818181818
233,2013-08-22,34.48886363636364
234,2013-08-23,33.87568181818181
235,2013-08-24,41.380511363636366
236,2013-08-25,39.918474025974014
237,2013-08-26,53.03560606060606
238,2013-08-27,64.30666396103898
239,2013-08-28,68.41549242424243
240,2013-08-29,83.46051136363639
241,2013-08-30,74.6213446969697
242,2013-08-31,45.50818181818183
243,2013-09-01,54.54964015151515
244,2013-09-02,51.50772727272727
245,2013-09-03,69.01960227272724
246,2013-09-04,56.434375
247,2013-09-05,49.38182629870129
248,2013-09-06,59.99133928571428
249,2013-09-07,92.47926948051946
250,2013-09-08,66.17900162337664
251,2013-09-09,70.0154356060606
252,2013-09-10,83.73409090909091
253,2013-09-11,85.19403409090908
254,2013-09-12,73.41079545454545
255,2013-09-13,78.70142045454547
256,2013-09-14,77.71840909090908
257,2013-09-15,88.78778409090908
258,2013-09-16,61.48648538961039
259,2013-09-17,52.305625000000006
260,2013-09-18,45.49613636363636
261,2013-09-19,49.65011363636364
262,2013-09-20,53.41039772727272
263,2013-09-21,48.20323863636364
264,2013-09-22,42.70696428571429
265,2013-09-23,40.660625
266,2013-09-24,34.04421266233766
267,2013-09-25,38.17
268,2013-09-26,61.99056818181818
269,2013-09-27,62.80602272727274
270,2013-09-28,61.63112824675326
271,2013-09-29,69.34960227272728
272,2013-09-30,51.78240530303031
273,2013-10-01,67.30238636363637
274,2013-10-02,69.60301136363638
275,2013-10-03,55.22392045454544
276,2013-10-04,53.76380681818181
277,2013-10-05,51.82846590909091
278,2013-10-06,45.790300324675314
279,2013-10-07,36.57618506493506
280,2013-10-08,44.2064448051948
281,2013-10-09,91.90122564935064
282,2013-10-10,105.0699431818182
283,2013-10-11,111.42400162337664
284,2013-10-12,76.09375811688311
285,2013-10-13,58.83534090909091
286,2013-10-14,59.576818181818176
287,2013-10-15,41.27488636363636
288,2013-10-16,50.63380681818182
289,2013-10-17,80.75630681818183
290,2013-10-18,62.53327922077922
291,2013-10-19,62.28228084415584
292,2013-10-20,103.12007575757576
293,2013-10-21,83.34491883116883
294,2013-10-22,94.2954951298701
295,2013-10-23,122.17853084415589
296,2013-10-24,94.77215909090908
297,2013-10-25,64.07931818181818
298,2013-10-26,92.60319805194808
299,2013-10-27,104.60142045454542
300,2013-10-28,117.79366883116884
301,2013-10-29,154.0248538961039
302,2013-10-30,85.12907467532469
303,2013-10-31,60.81991071428572
304,2013-11-01,54.71715097402598
305,2013-11-02,96.1335227272727
306,2013-11-03,130.50422077922073
307,2013-11-04,94.39543019480516
308,2013-11-05,73.51392045454544
309,2013-11-06,145.50896915584417
310,2013-11-07,163.17884740259743
311,2013-11-08,176.72689123376628
312,2013-11-09,157.1203814935065
313,2013-11-10,66.21896103896106
314,2013-11-11,60.83627435064934
315,2013-11-12,85.64668019480519
316,2013-11-13,120.97078733766232
317,2013-11-14,148.76458603896106
318,2013-11-15,172.46068181818185
319,2013-11-16,149.9259253246754
320,2013-11-17,91.69045454545456
321,2013-11-18,94.97676136363636
322,2013-11-19,124.6709172077922
323,2013-11-20,178.22489448051948
324,2013-11-21,155.37739448051946
325,2013-11-22,109.6107548701299
326,2013-11-23,129.80883116883118
327,2013-11-24,121.27954545454546
328,2013-11-25,104.69795454545456
329,2013-11-26,126.03312499999996
330,2013-11-27,84.19732954545454
331,2013-11-28,71.28454545454548
332,2013-11-29,86.67397727272727
333,2013-11-30,123.9044642857143
334,2013-12-01,196.36786525974028
335,2013-12-02,257.28418831168835
336,2013-12-03,293.8501406926408
337,2013-12-04,308.28266233766226
338,2013-12-05,327.46106060606064
339,2013-12-06,236.10159361471867
340,2013-12-07,246.8511038961039
341,2013-12-08,251.0566233766234
342,2013-12-09,197.0721428571429
343,2013-12-10,99.57465909090912
344,2013-12-11,112.4681818181818
345,2013-12-12,149.76087662337662
346,2013-12-13,114.47604707792216
347,2013-12-14,142.22242694805195
348,2013-12-15,182.1883522727273
349,2013-12-16,93.33375811688312
350,2013-12-17,84.24547889610392
351,2013-12-18,103.90413149350648
352,2013-12-19,175.75625811688317
353,2013-12-20,203.89194805194805
354,2013-12-21,115.7494724025974
355,2013-12-22,138.27014610389608
356,2013-12-23,182.9874837662338
357,2013-12-24,269.41347402597404
358,2013-12-25,286.12902597402604
359,2013-12-26,248.7078896103896
360,2013-12-27,75.46562499999999
361,2013-12-28,124.90324675324678
362,2013-12-29,155.19147727272724
363,2013-12-30,143.97443993506496
364,2013-12-31,140.4707224025974
365,2014-01-01,152.7878896103896
366,2014-01-02,203.61085227272727
367,2014-01-03,246.16616883116885
368,2014-01-04,117.2681899350649
369,2014-01-05,158.6902435064935
370,2014-01-06,98.94615259740264
371,2014-01-07,85.19224837662337
372,2014-01-08,67.72433441558441
373,2014-01-09,57.671225649350646
374,2014-01-10,97.48238636363637
375,2014-01-11,117.63729707792211
376,2014-01-12,177.74064123376624
377,2014-01-13,80.17923701298702
378,2014-01-14,78.73004870129873
379,2014-01-15,124.43537337662336
380,2014-01-16,138.04424512987015
381,2014-01-17,208.92014610389612
382,2014-01-18,233.93410714285716
383,2014-01-19,264.04733766233767
384,2014-01-20,198.19436688311688
385,2014-01-21,74.17772727272727
386,2014-01-22,90.2084090909091
387,2014-01-23,115.1849431818182
388,2014-01-24,122.8460633116883
389,2014-01-25,180.7784821428572
390,2014-01-26,55.91477272727273
391,2014-01-27,67.6675
392,2014-01-28,115.35600649350648
393,2014-01-29,82.69541396103897
394,2014-01-30,235.8026623376624
395,2014-01-31,249.1348051948052
396,2014-02-01,180.5625568181818
397,2014-02-02,260.3545454545455
398,2014-02-03,79.42431818181821
399,2014-02-04,44.99056818181818
400,2014-02-05,35.41189123376624
401,2014-02-06,33.61379058441559
402,2014-02-07,47.778425324675325
403,2014-02-08,85.62869318181816
404,2014-02-09,70.57433441558442
405,2014-02-10,45.21408279220779
406,2014-02-11,64.18472402597402
407,2014-02-12,74.1034090909091
408,2014-02-13,88.70685876623376
409,2014-02-14,97.47896103896106
410,2014-02-15,104.65210227272723
411,2014-02-16,62.16349837662337
412,2014-02-17,42.197556818181816
413,2014-02-18,50.46948051948052
414,2014-02-19,103.27441558441556
415,2014-02-20,141.3609415584416
416,2014-02-21,139.3075081168831
417,2014-02-22,117.69208603896104
418,2014-02-23,110.653125
419,2014-02-24,139.79606331168833
420,2014-02-25,96.79857954545454
421,2014-02-26,92.37755681818184
422,2014-02-27,130.9155681818182
423,2014-02-28,61.22333603896104
424,2014-03-01,55.85637175324677
425,2014-03-02,114.51604707792208
426,2014-03-03,81.57585227272726
427,2014-03-04,62.90639610389609
428,2014-03-05,72.35261363636367
429,2014-03-06,60.55377435064936
430,2014-03-07,79.89662337662335
431,2014-03-08,78.7227678571429
432,2014-03-09,113.10625
433,2014-03-10,170.11846590909093
434,2014-03-11,148.03896103896108
435,2014-03-12,97.38750000000005
436,2014-03-13,58.52999999999997
437,2014-03-14,96.2218181818182
438,2014-03-15,101.39676136363636
439,2014-03-16,109.37079545454549
440,2014-03-17,107.10170454545454
441,2014-03-18,200.68959415584416
442,2014-03-19,88.41732954545456
443,2014-03-20,82.50943181818182
444,2014-03-21,63.3647159090909
445,2014-03-22,84.71420454545455
446,2014-03-23,87.58357954545454
447,2014-03-24,101.2625568181818
448,2014-03-25,137.7000405844156
449,2014-03-26,118.63672077922078
450,2014-03-27,94.6463068181818
451,2014-03-28,86.34022727272726
452,2014-03-29,131.85936688311688
453,2014-03-30,84.41477272727273
454,2014-03-31,76.90039772727275
455,2014-04-01,87.62551136363635
456,2014-04-02,81.18568181818182
457,2014-04-03,79.20751623376624
458,2014-04-04,76.47079545454542
459,2014-04-05,70.3993181818182
460,2014-04-06,60.57181818181819
461,2014-04-07,74.34852272727272
462,2014-04-08,120.65249999999996
463,2014-04-09,131.44357954545453
464,2014-04-10,124.64176136363636
465,2014-04-11,86.79924242424244
466,2014-04-12,50.20123376623376
467,2014-04-13,51.28573863636363
468,2014-04-14,98.853125
469,2014-04-15,87.54136363636364
470,2014-04-16,63.529561688311695
471,2014-04-17,92.03323051948053
472,2014-04-18,64.0676461038961
473,2014-04-19,54.84391774891776
474,2014-04-20,64.29133116883118
475,2014-04-21,81.64254058441557
476,2014-04-22,86.42252435064937
477,2014-04-23,81.28238636363636
478,2014-04-24,68.23878787878792
479,2014-04-25,52.553219696969705
480,2014-04-26,46.56022727272728
481,2014-04-27,76.47971590909091
482,2014-04-28,54.22830357142856
483,2014-04-29,73.74545454545454
484,2014-04-30,80.36363636363639
485,2014-05-01,105.72232954545456
486,2014-05-02,110.51380681818183
487,2014-05-03,66.46795454545456
488,2014-05-04,72.48261363636364
489,2014-05-05,69.10176136363637
490,2014-05-06,78.92005681818182
491,2014-05-07,80.82948863636365
492,2014-05-08,91.54409090909093
493,2014-05-09,67.48575757575757
494,2014-05-10,54.26983766233766
495,2014-05-11,47.47488636363637
496,2014-05-12,78.2259090909091
497,2014-05-13,81.38920454545455
498,2014-05-14,99.56539772727274
499,2014-05-15,77.62009469696967
500,2014-05-16,97.6319318181818
501,2014-05-17,102.6230113636364
502,2014-05-18,76.82185064935067
503,2014-05-19,74.07905844155846
504,2014-05-20,99.82534090909084
505,2014-05-21,132.6845292207792
506,2014-05-22,115.57130681818184
507,2014-05-23,63.695227272727294
508,2014-05-24,54.28998376623376
509,2014-05-25,92.91875
510,2014-05-26,128.63704545454547
511,2014-05-27,148.00249188311685
512,2014-05-28,111.7738068181818
513,2014-05-29,136.95641233766233
514,2014-05-30,161.9194642857143
515,2014-05-31,116.29594155844156
516,2014-06-01,60.7394155844156
517,2014-06-02,47.01943181818182
518,2014-06-03,53.51092532467533
519,2014-06-04,70.23886363636365
520,2014-06-05,79.1395698051948
521,2014-06-06,105.8965827922078
522,2014-06-07,123.77802759740256
523,2014-06-08,104.7555167748918
524,2014-06-09,72.3500974025974
525,2014-06-10,67.65977272727271
526,2014-06-11,72.02817370129868
527,2014-06-12,84.44999999999999
528,2014-06-13,112.35956980519482
529,2014-06-14,126.69810876623376
530,2014-06-15,172.25987012987014
531,2014-06-16,76.40664772727274
532,2014-06-17,54.28887175324676
533,2014-06-18,59.64393127705626
534,2014-06-19,83.5155681818182
535,2014-06-20,82.23376623376622
536,2014-06-21,58.52943993506494
537,2014-06-22,60.01399350649351
538,2014-06-23,86.48960227272727
539,2014-06-24,100.68153409090908
540,2014-06-25,76.53840909090907
541,2014-06-26,51.0528354978355
542,2014-06-27,58.40098484848485
543,2014-06-28,92.9606628787879
544,2014-06-29,139.34487824675327
545,2014-06-30,146.96422077922077
546,2014-07-01,107.146875
547,2014-07-02,53.5781168831169
548,2014-07-03,66.38113636363634
549,2014-07-04,80.80470779220782
550,2014-07-05,46.10370400432899
551,2014-07-06,45.094163961038944
552,2014-07-07,49.77306818181817
553,2014-07-08,59.97076298701299
554,2014-07-09,49.70710227272728
555,2014-07-10,80.28062499999999
556,2014-07-11,116.15458603896106
557,2014-07-12,105.75323863636366
558,2014-07-13,65.17999458874458
559,2014-07-14,86.39693181818183
560,2014-07-15,73.48579274891777
561,2014-07-16,56.17732954545454
562,2014-07-17,57.42602272727272
563,2014-07-18,67.5330681818182
564,2014-07-19,71.57545454545455
565,2014-07-20,74.68863636363636
566,2014-07-21,66.50954545454545
567,2014-07-22,70.75782196969698
568,2014-07-23,56.85653409090908
569,2014-07-24,50.639034090909085
570,2014-07-25,51.61169642857141
571,2014-07-26,83.77922077922076
572,2014-07-27,59.45806547619049
573,2014-07-28,59.43880952380953
574,2014-07-29,86.35909090909091
575,2014-07-30,56.62340909090908
576,2014-07-31,41.15516233766234
577,2014-08-01,23.849829545454543
578,2014-08-02,39.37261363636362
579,2014-08-03,54.78607954545453
580,2014-08-04,84.41812500000005
581,2014-08-05,90.14698863636364
582,2014-08-06,64.86257305194806
583,2014-08-07,45.99982954545455
584,2014-08-08,42.61097132034632
585,2014-08-09,40.77570616883117
586,2014-08-10,58.414131493506495
587,2014-08-11,94.23797619047618
588,2014-08-12,95.36443181818184
589,2014-08-13,68.70244318181818
590,2014-08-14,48.06586309523811
591,2014-08-15,64.32014339826841
592,2014-08-16,73.3919696969697
593,2014-08-17,45.15240530303032
594,2014-08-18,44.71850378787879
595,2014-08-19,55.08174242424241
596,2014-08-20,59.27383116883117
597,2014-08-21,69.74698863636364
598,2014-08-22,82.0050568181818
599,2014-08-23,72.60654220779223
600,2014-08-24,60.366550324675295
601,2014-08-25,76.12545454545456
602,2014-08-26,89.3775
603,2014-08-27,54.4684145021645
604,2014-08-28,53.97926677489177
605,2014-08-29,53.16916396103896
606,2014-08-30,41.560909090909085
607,2014-08-31,40.12862824675325
608,2014-09-01,38.48965909090908
609,2014-09-02,42.83121753246753
610,2014-09-03,55.94335227272727
611,2014-09-04,76.92676136363637
612,2014-09-05,93.20482954545452
613,2014-09-06,68.21745129870129
614,2014-09-07,56.825606060606056
615,2014-09-08,68.15621212121212
616,2014-09-09,71.5311931818182
617,2014-09-10,67.9636931818182
618,2014-09-11,45.0184090909091
619,2014-09-12,43.39128787878788
620,2014-09-13,40.06340909090909
621,2014-09-14,42.99323863636364
622,2014-09-15,44.30717803030303
623,2014-09-16,46.36386363636364
624,2014-09-17,44.01818181818181
625,2014-09-18,41.02425324675325
626,2014-09-19,57.23001623376622
627,2014-09-20,52.81025162337662
628,2014-09-21,44.45888257575758
629,2014-09-22,45.294393939393935
630,2014-09-23,37.32255681818182
631,2014-09-24,53.57734848484849
632,2014-09-25,66.48738636363636
633,2014-09-26,67.88948863636364
634,2014-09-27,79.36909090909093
635,2014-09-28,54.553617424242425
636,2014-09-29,42.883612012987015
637,2014-09-30,41.70727272727274
638,2014-10-01,47.59318181818182
639,2014-10-02,65.51804924242425
640,2014-10-03,69.87295454545455
641,2014-10-04,46.830227272727264
642,2014-10-05,69.66102272727272
643,2014-10-06,64.43676136363634
644,2014-10-07,60.55896103896102
645,2014-10-08,52.96170454545455
646,2014-10-09,53.04850649350651
647,2014-10-10,53.20356601731603
648,2014-10-11,54.158839285714286
649,2014-10-12,59.089659090909095
650,2014-10-13,52.72556818181818
651,2014-10-14,63.187897727272734
652,2014-10-15,113.50146915584416
653,2014-10-16,102.52193181818184
654,2014-10-17,80.33995129870131
655,2014-10-18,74.56919642857143
656,2014-10-19,58.66119318181818
657,2014-10-20,96.59914772727274
658,2014-10-21,71.99258928571427
659,2014-10-22,75.27248376623378
660,2014-10-23,101.18045454545457
661,2014-10-24,83.52670454545454
662,2014-10-25,76.0861363636364
663,2014-10-26,89.66125
664,2014-10-27,59.26420454545456
665,2014-10-28,53.88727272727272
666,2014-10-29,51.178847402597405
667,2014-10-30,55.10301136363636
668,2014-10-31,60.92650974025975
669,2014-11-01,60.16278409090909
670,2014-11-02,72.51568181818183
671,2014-11-03,61.97301136363637
672,2014-11-04,80.34278409090908
673,2014-11-05,106.32454545454544
674,2014-11-06,133.60917207792207
675,2014-11-07,54.57590909090909
676,2014-11-08,49.76061688311688
677,2014-11-09,70.49840097402597
678,2014-11-10,133.80777597402596
679,2014-11-11,159.79857954545454
680,2014-11-12,125.4114285714286
681,2014-11-13,64.25056818181818
682,2014-11-14,93.39539772727277
683,2014-11-15,93.3974431818182
684,2014-11-16,114.9963474025974
685,2014-11-17,111.99393668831168
686,2014-11-18,88.29357954545453
687,2014-11-19,85.98774350649349
688,2014-11-20,109.91255681818184
689,2014-11-21,111.01992694805196
690,2014-11-22,137.25844155844155
691,2014-11-23,62.93045454545454
692,2014-11-24,41.43784902597401
693,2014-11-25,60.66320616883117
694,2014-11-26,71.20335227272726
695,2014-11-27,59.851355519480514
696,2014-11-28,68.53687500000001
697,2014-11-29,66.60204545454548
698,2014-11-30,50.88666396103896
699,2014-12-01,74.49431818181819
700,2014-12-02,59.96113636363637
701,2014-12-03,87.91183441558442
702,2014-12-04,100.03710227272724
703,2014-12-05,85.01125
704,2014-12-06,90.66448863636364
705,2014-12-07,101.42585227272724
706,2014-12-08,99.97505681818184
707,2014-12-09,58.819910714285726
708,2014-12-10,83.60880681818182
709,2014-12-11,112.1439935064935
710,2014-12-12,85.0965909090909
711,2014-12-13,82.34244318181817
712,2014-12-14,108.28825487012983
713,2014-12-15,139.01404220779227
714,2014-12-16,80.61034090909091
715,2014-12-17,73.64306818181818
716,2014-12-18,96.69150974025976
717,2014-12-19,86.50522727272727
718,2014-12-20,70.03147727272724
719,2014-12-21,82.02499999999999
720,2014-12-22,92.00363636363636
721,2014-12-23,117.93474025974028
722,2014-12-24,176.22380681818183
723,2014-12-25,72.50319805194805
724,2014-12-26,74.2324918831169
725,2014-12-27,73.06240259740262
726,2014-12-28,142.45273538961038
727,2014-12-29,195.68862012987017
728,2014-12-30,174.86275974025972
729,2014-12-31,100.70369318181817
730,2015-01-01,70.73875
731,2015-01-02,107.84162337662336
732,2015-01-03,145.42129870129867
733,2015-01-04,208.9027516233766
734,2015-01-05,211.3242857142857
735,2015-01-06,96.72717532467531
736,2015-01-07,70.33915584415584
737,2015-01-08,129.69472402597404
738,2015-01-09,196.22196428571425
739,2015-01-10,207.3824999999999
740,2015-01-11,163.01142045454546
741,2015-01-12,50.26426136363637
742,2015-01-13,49.0277840909091
743,2015-01-14,52.50671266233764
744,2015-01-15,102.29557629870132
745,2015-01-16,158.33083603896102
746,2015-01-17,103.74471590909091
747,2015-01-18,99.7309659090909
748,2015-01-19,101.0225568181818
749,2015-01-20,78.49994318181818
750,2015-01-21,128.82386363636363
751,2015-01-22,117.13620129870128
752,2015-01-23,159.51243506493503
753,2015-01-24,176.54601461038962
754,2015-01-25,163.65043019480518
755,2015-01-26,177.5848295454545
756,2015-01-27,67.3699594155844
757,2015-01-28,38.78719155844156
758,2015-01-29,56.616517857142846
759,2015-01-30,108.78514610389608
760,2015-01-31,51.77295454545454
761,2015-02-01,57.71036525974025
762,2015-02-02,74.83099025974026
763,2015-02-03,99.0526461038961
764,2015-02-04,198.3903896103896
765,2015-02-05,81.66971590909088
766,2015-02-06,90.90579545454544
767,2015-02-07,120.43835227272726
768,2015-02-08,58.810852272727246
769,2015-02-09,60.17357954545455
770,2015-02-10,77.98636363636362
771,2015-02-11,124.4561525974026
772,2015-02-12,178.0150974025974
773,2015-02-13,94.83911525974028
774,2015-02-14,120.98607954545452
775,2015-02-15,117.3261525974026
776,2015-02-16,157.04741071428572
777,2015-02-17,157.77637175324676
778,2015-02-18,76.02499999999999
779,2015-02-19,69.23160714285714
780,2015-02-20,38.919748376623374
781,2015-02-21,74.20255681818182
782,2015-02-22,119.58946428571431
783,2015-02-23,93.88284090909092
784,2015-02-24,90.00039772727271
785,2015-02-25,77.50795454545454
786,2015-02-26,85.77272727272727
787,2015-02-27,45.90603084415584
788,2015-02-28,33.66751623376624
789,2015-03-01,80.40653409090909
790,2015-03-02,95.74511363636366
791,2015-03-03,91.15551136363636
792,2015-03-04,52.07227272727271
793,2015-03-05,47.25806818181818
794,2015-03-06,54.55756493506493
795,2015-03-07,75.36949675324676
796,2015-03-08,58.03519480519481
797,2015-03-09,61.419975649350654
798,2015-03-10,46.91215909090911
799,2015-03-11,72.34306818181817
800,2015-03-12,109.80596590909092
801,2015-03-13,123.00442370129868
802,2015-03-14,113.3511607142857
803,2015-03-15,96.9588068181818
804,2015-03-16,78.48142045454546
805,2015-03-17,72.39664772727271
806,2015-03-18,47.11034902597403
807,2015-03-19,90.669375
808,2015-03-20,85.75072240259739
809,2015-03-21,93.3824431818182
810,2015-03-22,94.2181818181818
811,2015-03-23,66.53011363636365
812,2015-03-24,52.915227272727286
813,2015-03-25,55.1422159090909
814,2015-03-26,48.60920454545456
815,2015-03-27,54.03178571428573
816,2015-03-28,88.21505681818181
817,2015-03-29,164.1563961038961
818,2015-03-30,98.05380681818184
819,2015-03-31,87.02545454545455
820,2015-04-01,76.29573863636362
821,2015-04-02,57.60107954545453
822,2015-04-03,76.9459090909091
823,2015-04-04,55.68742694805194
824,2015-04-05,83.32277597402599
825,2015-04-06,69.3468262987013
826,2015-04-07,40.41772727272728
827,2015-04-08,53.48331168831169
828,2015-04-09,59.14032196969695
829,2015-04-10,69.66897727272728
830,2015-04-11,69.62246212121212
831,2015-04-12,74.58291666666668
832,2015-04-13,58.07508116883118
833,2015-04-14,72.53693181818181
834,2015-04-15,76.1659659090909
835,2015-04-16,94.24392045454545
836,2015-04-17,101.24295454545457
837,2015-04-18,87.93323863636364
838,2015-04-19,68.93822240259739
839,2015-04-20,60.16147727272728
840,2015-04-21,69.60036525974027
841,2015-04-22,84.2571022727273
842,2015-04-23,92.60399793388429
843,2015-04-24,100.95607954545454
844,2015-04-25,114.70752435064934
845,2015-04-26,81.94778409090908
846,2015-04-27,71.97585227272727
847,2015-04-28,70.85598484848487
848,2015-04-29,47.30678571428571
849,2015-04-30,66.99221590909089
850,2015-05-01,76.70765151515153
851,2015-05-02,59.94818181818182
852,2015-05-03,72.96227272727273
853,2015-05-04,83.70875
854,2015-05-05,68.66318181818183
855,2015-05-06,78.35374999999999
856,2015-05-07,99.1755681818182
857,2015-05-08,80.46318181818181
858,2015-05-09,51.36937499999999
859,2015-05-10,52.08958333333333
860,2015-05-11,48.94798701298703
861,2015-05-12,67.41795454545455
862,2015-05-13,67.15909090909092
863,2015-05-14,65.88198863636366
864,2015-05-15,62.95910984848485
865,2015-05-16,60.15541666666666
866,2015-05-17,63.62371212121211
867,2015-05-18,76.39460227272728
868,2015-05-19,95.00988636363635
869,2015-05-20,63.52939393939394
870,2015-05-21,56.14405303030304
871,2015-05-22,59.912765151515146
872,2015-05-23,65.28604166666666
873,2015-05-24,70.27579004329003
874,2015-05-25,66.1777840909091
875,2015-05-26,61.98494318181818
876,2015-05-27,61.28875811688311
877,2015-05-28,59.17482954545455
878,2015-05-29,52.09387175324676
879,2015-05-30,55.06920454545454
880,2015-05-31,59.23965909090909
881,2015-06-01,94.1911931818182
882,2015-06-02,79.07787337662334
883,2015-06-03,44.37511363636364
884,2015-06-04,50.336818181818174
885,2015-06-05,68.95660984848486
886,2015-06-06,84.2859659090909
887,2015-06-07,73.18850378787879
888,2015-06-08,85.01100649350651
889,2015-06-09,87.49258116883114
890,2015-06-10,66.50585227272728
891,2015-06-11,88.78193181818183
892,2015-06-12,92.65022727272728
893,2015-06-13,88.18750688705234
894,2015-06-14,89.89804235537191
895,2015-06-15,90.3078814935065
896,2015-06-16,63.82132305194806
897,2015-06-17,55.780530303030304
898,2015-06-18,55.03092261904761
899,2015-06-19,68.0714393939394
900,2015-06-20,70.363446969697
901,2015-06-21,69.5612878787879
902,2015-06-22,56.95060064935064
903,2015-06-23,60.648712121212135
904,2015-06-24,54.211807359307365
905,2015-06-25,49.24713474025973
906,2015-06-26,44.31781926406927
907,2015-06-27,43.52070075757576
908,2015-06-28,42.57270833333332
909,2015-06-29,44.5116314935065
910,2015-06-30,52.22407467532466
911,2015-07-01,63.213165584415584
912,2015-07-02,82.63801136363638
913,2015-07-03,96.38541666666669
914,2015-07-04,76.45969696969698
915,2015-07-05,60.10641233766233
916,2015-07-06,49.26484577922079
917,2015-07-07,48.11902867965369
918,2015-07-08,50.066783008658014
919,2015-07-09,47.83670995670995
920,2015-07-10,38.13586850649352
921,2015-07-11,27.843125
922,2015-07-12,32.58704545454546
923,2015-07-13,75.8895265151515
924,2015-07-14,96.88147727272728
925,2015-07-15,94.34710227272726
926,2015-07-16,49.647556818181805
927,2015-07-17,48.39756222943722
928,2015-07-18,40.58722402597402
929,2015-07-19,36.55965097402598
930,2015-07-20,41.937370129870125
931,2015-07-21,46.183831168831176
932,2015-07-22,52.58688311688313
933,2015-07-23,50.306420454545474
934,2015-07-24,53.07713474025975
935,2015-07-25,53.4630357142857
936,2015-07-26,56.38289772727271
937,2015-07-27,51.62977272727274
938,2015-07-28,48.62914772727272
939,2015-07-29,51.3478409090909
940,2015-07-30,52.68863636363637
941,2015-07-31,47.83867424242423
942,2015-08-01,49.67026515151515
943,2015-08-02,60.52710227272728
944,2015-08-03,58.15825757575758
945,2015-08-04,57.063446969696976
946,2015-08-05,62.88173553719008
947,2015-08-06,52.72682900432901
948,2015-08-07,40.877142857142864
949,2015-08-08,26.200227272727265
950,2015-08-09,25.765340909090902
951,2015-08-10,23.88778409090909
952,2015-08-11,30.185511363636355
953,2015-08-12,45.77584415584416
954,2015-08-13,70.15168560606061
955,2015-08-14,75.8647761707989
956,2015-08-15,60.885568181818186
957,2015-08-16,56.54310606060607
958,2015-08-17,58.67491071428572
959,2015-08-18,62.57030303030303
960,2015-08-19,49.90503517316018
961,2015-08-20,39.236420454545446
962,2015-08-21,50.21094967532467
963,2015-08-22,60.89142045454546
964,2015-08-23,51.7028409090909
965,2015-08-24,45.93596590909091
966,2015-08-25,56.31123106060606
967,2015-08-26,66.9211553030303
968,2015-08-27,75.74056818181818
969,2015-08-28,70.27215909090908
970,2015-08-29,72.36166666666666
971,2015-08-30,67.0578409090909
972,2015-08-31,60.67174512987015
973,2015-09-01,61.226363636363615
974,2015-09-02,61.31018939393941
975,2015-09-03,62.949053030303006
976,2015-09-04,73.09865530303033
977,2015-09-05,50.64854707792208
978,2015-09-06,49.94873106060607
979,2015-09-07,45.530321969696985
980,2015-09-08,43.07225378787879
981,2015-09-09,46.26464015151515
982,2015-09-10,51.36831439393939
983,2015-09-11,58.65312500000002
984,2015-09-12,54.80528409090909
985,2015-09-13,50.04149621212122
986,2015-09-14,47.04721590909091
987,2015-09-15,43.678658008658026
988,2015-09-16,44.2310606060606
989,2015-09-17,52.44863636363636
990,2015-09-18,60.24225378787878
991,2015-09-19,68.40094696969699
992,2015-09-20,70.1925946969697
993,2015-09-21,77.13443181818181
994,2015-09-22,52.83395021645021
995,2015-09-23,46.620124458874464
996,2015-09-24,53.96187499999999
997,2015-09-25,61.57716991341992
998,2015-09-26,61.40837121212121
999,2015-09-27,53.20592803030302
1000,2015-09-28,50.72431818181819
1001,2015-09-29,47.05765151515152
1002,2015-09-30,36.93505681818181
1003,2015-10-01,54.68840909090909
1004,2015-10-02,70.97738636363637
1005,2015-10-03,89.00965909090908
1006,2015-10-04,81.64532196969695
1007,2015-10-05,56.46392045454545
1008,2015-10-06,51.98130681818184
1009,2015-10-07,44.452115800865805
1010,2015-10-08,44.4025
1011,2015-10-09,66.12971590909092
1012,2015-10-10,68.69602272727273
1013,2015-10-11,68.0227840909091
1014,2015-10-12,86.28284090909091
1015,2015-10-13,99.89147727272724
1016,2015-10-14,129.80223214285715
1017,2015-10-15,122.65655844155845
1018,2015-10-16,132.72482954545453
1019,2015-10-17,83.68146103896103
1020,2015-10-18,64.64083333333335
1021,2015-10-19,66.35647727272728
1022,2015-10-20,73.70500000000001
1023,2015-10-21,64.36450757575757
1024,2015-10-22,97.32992424242424
1025,2015-10-23,103.87034090909088
1026,2015-10-24,104.655974025974
1027,2015-10-25,63.608433441558425
1028,2015-10-26,60.7109659090909
1029,2015-10-27,70.55732954545455
1030,2015-10-28,83.21193181818182
1031,2015-10-29,86.3436931818182
1032,2015-10-30,47.91090909090909
1033,2015-10-31,46.74926136363637
1034,2015-11-01,60.973863636363625
1035,2015-11-02,113.29472402597403
1036,2015-11-03,111.365625
1037,2015-11-04,78.85501623376625
1038,2015-11-05,80.92989448051945
1039,2015-11-06,51.64505681818182
1040,2015-11-07,45.35876623376623
1041,2015-11-08,78.61590909090908
1042,2015-11-09,87.96477272727275
1043,2015-11-10,72.64277597402598
1044,2015-11-11,56.89098214285712
1045,2015-11-12,58.66496753246752
1046,2015-11-13,51.76569805194806
1047,2015-11-14,123.0989448051948
1048,2015-11-15,119.0
1049,2015-11-16,80.92471590909093
1050,2015-11-17,63.96062499999998
1051,2015-11-18,49.95478084415584
1052,2015-11-19,61.47482954545455
1053,2015-11-20,74.89619318181816
1054,2015-11-21,69.50448863636362
1055,2015-11-22,45.7851948051948
1056,2015-11-23,37.78367694805194
1057,2015-11-24,29.848271103896096
1058,2015-11-25,55.204910714285695
1059,2015-11-26,67.47187499999998
1060,2015-11-27,63.89255681818184
1061,2015-11-28,100.42062500000002
1062,2015-11-29,127.66746753246753
1063,2015-11-30,168.27879058441562
1064,2015-12-01,129.95014610389617
1065,2015-12-02,94.0716477272727
1066,2015-12-03,87.04613636363635
1067,2015-12-04,69.91761363636361
1068,2015-12-05,114.77539772727268
1069,2015-12-06,112.60006493506494
1070,2015-12-07,123.84573051948053
1071,2015-12-08,73.63008116883118
1072,2015-12-09,71.29251623376622
1073,2015-12-10,101.99017857142856
1074,2015-12-11,110.1849025974026
1075,2015-12-12,67.55431818181818
1076,2015-12-13,97.58211850649352
1077,2015-12-14,207.79707792207796
1078,2015-12-15,207.5067532467532
1079,2015-12-16,67.05659090909089
1080,2015-12-17,60.70465909090908
1081,2015-12-18,91.58737824675325
1082,2015-12-19,109.4119318181818
1083,2015-12-20,131.52126623376623
1084,2015-12-21,225.09430194805196
1085,2015-12-22,151.38618506493506
1086,2015-12-23,145.1228977272727
1087,2015-12-24,152.3114935064935
1088,2015-12-25,209.63403409090907
1089,2015-12-26,137.5068181818182
1090,2015-12-27,71.7702272727273
1091,2015-12-28,61.30482954545457
1092,2015-12-29,104.7948863636364
1093,2015-12-30,174.3624918831169
1094,2015-12-31,182.7816883116883
1095,2016-01-01,136.74232954545457
1096,2016-01-02,168.73195616883118
1097,2016-01-03,198.8618912337662
1098,2016-01-04,215.22772727272724
1099,2016-01-05,44.01435064935066
1100,2016-01-06,64.30526785714285
1101,2016-01-07,97.40750811688312
1102,2016-01-08,125.60156655844158
1103,2016-01-09,189.55859577922075
1104,2016-01-10,198.7654626623377
1105,2016-01-11,93.77581168831168
1106,2016-01-12,56.04155032467532
1107,2016-01-13,126.53287337662331
1108,2016-01-14,163.63550324675327
1109,2016-01-15,145.02381493506493
1110,2016-01-16,142.48669642857143
1111,2016-01-17,145.89367694805196
1112,2016-01-18,117.9516801948052
1113,2016-01-19,110.7676136363636
1114,2016-01-20,58.59159090909089
1115,2016-01-21,43.969220779220784
1116,2016-01-22,89.78607954545456
1117,2016-01-23,56.15358766233767
1118,2016-01-24,60.745113636363634
1119,2016-01-25,67.83874999999999
1120,2016-01-26,78.90863636363635
1121,2016-01-27,115.1098944805195
1122,2016-01-28,85.64034090909091
1123,2016-01-29,63.71762175324673
1124,2016-01-30,61.78647727272726
1125,2016-01-31,69.8511444805195
1126,2016-02-01,84.23659090909089
1127,2016-02-02,125.72366071428569
1128,2016-02-03,137.73573863636364
1129,2016-02-04,139.4817775974026
1130,2016-02-05,163.33073051948057
1131,2016-02-06,78.65738636363638
1132,2016-02-07,101.01823863636368
1133,2016-02-08,158.12517045454547
1134,2016-02-09,122.71672077922076
1135,2016-02-10,88.24778409090911
1136,2016-02-11,63.48579545454545
1137,2016-02-12,88.33217532467535
1138,2016-02-13,53.30823863636363
1139,2016-02-14,33.60694805194805
1140,2016-02-15,44.376477272727286
1141,2016-02-16,53.26022727272727
1142,2016-02-17,65.75653409090908
1143,2016-02-18,79.91471590909093
1144,2016-02-19,111.82528409090908
1145,2016-02-20,82.19062500000001
1146,2016-02-21,80.17965909090907
1147,2016-02-22,73.59863636363634
1148,2016-02-23,123.8967938311688
1149,2016-02-24,73.31784090909092
1150,2016-02-25,80.65801136363638
1151,2016-02-26,115.09326298701296
1152,2016-02-27,100.78844967532464
1153,2016-02-28,119.35969967532463
1154,2016-02-29,69.20607142857143
1155,2016-03-01,62.87232954545455
1156,2016-03-02,115.10482954545454
1157,2016-03-03,147.93534902597398
1158,2016-03-04,144.0679383116883
1159,2016-03-05,134.66367694805191
1160,2016-03-06,115.056599025974
1161,2016-03-07,139.18863636363633
1162,2016-03-08,50.002954545454536
1163,2016-03-09,39.25943181818182
1164,2016-03-10,50.27090909090909
1165,2016-03-11,82.22823863636366
1166,2016-03-12,109.74886363636364
1167,2016-03-13,99.43991071428572
1168,2016-03-14,94.37676136363638
1169,2016-03-15,83.12811688311689
1170,2016-03-16,69.9363068181818
1171,2016-03-17,81.48818181818181
1172,2016-03-18,116.83200487012986
1173,2016-03-19,99.71411525974028
1174,2016-03-20,74.11937499999999
1175,2016-03-21,66.99806818181817
1176,2016-03-22,69.62362012987012
1177,2016-03-23,58.47534090909092
1178,2016-03-24,47.26613636363636
1179,2016-03-25,59.78306818181818
1180,2016-03-26,77.09511363636364
1181,2016-03-27,90.27886363636364
1182,2016-03-28,83.52505681818182
1183,2016-03-29,87.35210227272727
1184,2016-03-30,99.80443181818178
1185,2016-03-31,82.58551136363636
1186,2016-04-01,89.44323863636363
1187,2016-04-02,105.2149431818182
1188,2016-04-03,52.24438311688312
1189,2016-04-04,49.80034090909091
1190,2016-04-05,58.08613636363636
1191,2016-04-06,44.87189935064935
1192,2016-04-07,56.88447240259741
1193,2016-04-08,90.51415584415584
1194,2016-04-09,84.12170454545456
1195,2016-04-10,96.1250568181818
1196,2016-04-11,68.50267045454544
1197,2016-04-12,65.19153409090909
1198,2016-04-13,95.4213068181818
1199,2016-04-14,111.53727272727276
1200,2016-04-15,87.40604166666668
1201,2016-04-16,52.06312499999999
1202,2016-04-17,68.98079545454546
1203,2016-04-18,56.4798106060606
1204,2016-04-19,66.0553409090909
1205,2016-04-20,52.74249999999998
1206,2016-04-21,84.69992694805195
1207,2016-04-22,83.46301136363637
1208,2016-04-23,84.24357954545455
1209,2016-04-24,72.56119318181817
1210,2016-04-25,80.86869318181817
1211,2016-04-26,59.74784090909093
1212,2016-04-27,61.168446969696966
1213,2016-04-28,75.79261363636364
1214,2016-04-29,96.07511363636362
1215,2016-04-30,83.91804924242423
1216,2016-05-01,71.58397727272728
1217,2016-05-02,59.82045454545451
1218,2016-05-03,59.776363636363634
1219,2016-05-04,64.92535984848486
1220,2016-05-05,64.46193181818181
1221,2016-05-06,90.08835227272726
1222,2016-05-07,123.31551948051948
1223,2016-05-08,58.96159090909092
1224,2016-05-09,57.9994155844156
1225,2016-05-10,51.81867424242423
1226,2016-05-11,80.10590909090908
1227,2016-05-12,76.94251893939396
1228,2016-05-13,48.8949621212121
1229,2016-05-14,59.88926136363636
1230,2016-05-15,48.305
1231,2016-05-16,58.79068181818183
1232,2016-05-17,63.29768939393939
1233,2016-05-18,62.07011363636363
1234,2016-05-19,68.63200757575758
1235,2016-05-20,50.92532196969696
1236,2016-05-21,46.07679112554112
1237,2016-05-22,48.32912337662338
1238,2016-05-23,55.86426136363638
1239,2016-05-24,70.0075568181818
1240,2016-05-25,86.19056818181818
1241,2016-05-26,83.18609848484849
1242,2016-05-27,55.29844696969699
1243,2016-05-28,49.56421266233767
1244,2016-05-29,55.76414772727273
1245,2016-05-30,67.54873106060607
1246,2016-05-31,104.49857954545452
1247,2016-06-01,50.3438446969697
1248,2016-06-02,54.62318181818181
1249,2016-06-03,46.86278409090908
1250,2016-06-04,43.25884740259739
1251,2016-06-05,47.29916666666667
1252,2016-06-06,58.12013257575759
1253,2016-06-07,68.78030303030305
1254,2016-06-08,59.5541396103896
1255,2016-06-09,53.16548701298701
1256,2016-06-10,60.74150162337661
1257,2016-06-11,76.04999999999998
1258,2016-06-12,52.74842532467533
1259,2016-06-13,56.49303571428572
1260,2016-06-14,60.62524621212122
1261,2016-06-15,64.6423106060606
1262,2016-06-16,75.74672348484849
1263,2016-06-17,79.1694817493113
1264,2016-06-18,63.637708333333336
1265,2016-06-19,51.15390151515151
1266,2016-06-20,39.50670725108226
1267,2016-06-21,46.082922077922085
1268,2016-06-22,44.47126623376624
1269,2016-06-23,58.704959415584405
1270,2016-06-24,49.27210227272727
1271,2016-06-25,56.1324458874459
1272,2016-06-26,60.42125000000001
1273,2016-06-27,50.40892045454545
1274,2016-06-28,63.39359307359307
1275,2016-06-29,54.82914772727272
1276,2016-06-30,50.62278409090909
1277,2016-07-01,39.67367694805195
1278,2016-07-02,44.039329004329005
1279,2016-07-03,38.81651515151514
1280,2016-07-04,42.37863636363635
1281,2016-07-05,40.96505681818183
1282,2016-07-06,52.73846590909093
1283,2016-07-07,32.92221590909091
1284,2016-07-08,28.65829545454545
1285,2016-07-09,30.820056818181826
1286,2016-07-10,38.299886363636354
1287,2016-07-11,35.20433441558442
1288,2016-07-12,50.66346590909091
1289,2016-07-13,58.54005681818183
1290,2016-07-14,45.87534090909091
1291,2016-07-15,44.989356060606056
1292,2016-07-16,51.62878787878787
1293,2016-07-17,68.4254356060606
1294,2016-07-18,67.81806818181816
1295,2016-07-19,48.637462121212096
1296,2016-07-20,47.16662878787879
1297,2016-07-21,43.00375
1298,2016-07-22,50.24030303030303
1299,2016-07-23,56.024431818181824
1300,2016-07-24,61.2821212121212
1301,2016-07-25,61.49089015151517
1302,2016-07-26,61.99234504132232
1303,2016-07-27,61.88448863636365
1304,2016-07-28,64.12464015151512
1305,2016-07-29,69.01685606060603
1306,2016-07-30,70.8365340909091
1307,2016-07-31,43.25306818181819
1308,2016-08-01,35.89090909090909
1309,2016-08-02,34.7034090909091
1310,2016-08-03,33.57795454545455
1311,2016-08-04,36.46856331168832
1312,2016-08-05,37.15672889610389
1313,2016-08-06,36.65845779220779
1314,2016-08-07,37.10545454545455
1315,2016-08-08,27.34443181818181
1316,2016-08-09,28.78704545454545
1317,2016-08-10,30.72603084415584
1318,2016-08-11,32.06068181818182
1319,2016-08-12,35.53988636363636
1320,2016-08-13,35.28821428571428
1321,2016-08-14,44.70487012987012
1322,2016-08-15,51.18340638528139
1323,2016-08-16,44.16893939393941
1324,2016-08-17,48.40624999999999
1325,2016-08-18,51.33284090909091
1326,2016-08-19,53.40806818181818
1327,2016-08-20,52.81414772727273
1328,2016-08-21,50.78207792207792
1329,2016-08-22,42.28655303030303
1330,2016-08-23,51.56787878787879
1331,2016-08-24,59.20027548209366
1332,2016-08-25,58.154583333333335
1333,2016-08-26,40.4540909090909
1334,2016-08-27,51.65715909090909
1335,2016-08-28,72.57337121212119
1336,2016-08-29,60.22424242424244
1337,2016-08-30,58.91933712121212
1338,2016-08-31,70.72956439393941
1339,2016-09-01,78.1730871212121
1340,2016-09-02,71.8086553030303
1341,2016-09-03,81.76750000000001
1342,2016-09-04,81.34352272727273
1343,2016-09-05,73.05621212121211
1344,2016-09-06,69.56354166666667
1345,2016-09-07,50.04107683982684
1346,2016-09-08,65.66689393939394
1347,2016-09-09,83.45036501377409
1348,2016-09-10,75.35191632231405
1349,2016-09-11,66.97814935064935
1350,2016-09-12,59.37503787878788
1351,2016-09-13,65.74439393939394
1352,2016-09-14,56.89476731601732
1353,2016-09-15,38.621458333333344
1354,2016-09-16,29.17897727272728
1355,2016-09-17,36.55602272727271
1356,2016-09-18,47.87847402597402
1357,2016-09-19,42.74650974025973
1358,2016-09-20,44.02
1359,2016-09-21,54.45930735930735
1360,2016-09-22,48.13632575757575
1361,2016-09-23,53.828958333333325
1362,2016-09-24,58.14176136363638
1363,2016-09-25,58.53027326839829
1364,2016-09-26,47.95596590909091
1365,2016-09-27,43.855608766233765
1366,2016-09-28,31.11704545454546
1367,2016-09-29,34.868806818181824
1368,2016-09-30,37.8052029220779
1369,2016-10-01,39.22949675324675
1370,2016-10-02,41.29299512987013
1371,2016-10-03,38.56465909090909
1372,2016-10-04,46.63359848484848
1373,2016-10-05,69.18854166666667
1374,2016-10-06,49.44744318181816
1375,2016-10-07,36.458125
1376,2016-10-08,47.3171590909091
1377,2016-10-09,38.03102272727272
1378,2016-10-10,39.50625
1379,2016-10-11,45.69590909090908
1380,2016-10-12,63.83068181818181
1381,2016-10-13,60.41271103896104
1382,2016-10-14,51.8228896103896
1383,2016-10-15,46.15333333333332
1384,2016-10-16,47.803019480519474
1385,2016-10-17,62.09195616883118
1386,2016-10-18,53.49267045454546
1387,2016-10-19,58.01238636363635
1388,2016-10-20,44.48198863636364
1389,2016-10-21,34.79511363636363
1390,2016-10-22,34.36788961038961
1391,2016-10-23,34.49821428571429
1392,2016-10-24,47.13707792207792
1393,2016-10-25,50.342264610389606
1394,2016-10-26,47.467240259740265
1395,2016-10-27,41.44681818181818
1396,2016-10-28,36.94831168831169
1397,2016-10-29,38.31538961038962
1398,2016-10-30,50.24494318181817
1399,2016-10-31,39.8010146103896
1400,2016-11-01,35.47130681818181
1401,2016-11-02,58.650340909090914
1402,2016-11-03,82.6719318181818
1403,2016-11-04,87.8678409090909
1404,2016-11-05,94.87642045454544
1405,2016-11-06,126.45609577922076
1406,2016-11-07,72.40896915584415
1407,2016-11-08,44.65241071428572
1408,2016-11-09,43.14482954545454
1409,2016-11-10,52.12025974025976
1410,2016-11-11,66.6365909090909
1411,2016-11-12,89.20017045454544
1412,2016-11-13,125.54866883116884
1413,2016-11-14,155.703051948052
1414,2016-11-15,73.42460227272727
1415,2016-11-16,50.0075
1416,2016-11-17,48.29090909090908
1417,2016-11-18,66.57948863636364
1418,2016-11-19,93.98244318181816
1419,2016-11-20,59.557500000000005
1420,2016-11-21,42.68596590909092
1421,2016-11-22,30.66487012987013
1422,2016-11-23,45.74936688311689
1423,2016-11-24,77.77357954545454
1424,2016-11-25,86.98607954545454
1425,2016-11-26,84.85909090909091
1426,2016-11-27,113.89229707792208
1427,2016-11-28,72.12926136363636
1428,2016-11-29,57.850884740259744
1429,2016-11-30,78.4928409090909
1430,2016-12-01,131.69315746753247
1431,2016-12-02,82.14832792207791
1432,2016-12-03,81.04464285714286
1433,2016-12-04,122.15442370129868
1434,2016-12-05,123.08474025974024
1435,2016-12-06,75.83421266233766
1436,2016-12-07,140.40077110389615
1437,2016-12-08,175.09478896103894
1438,2016-12-09,85.59909090909092
1439,2016-12-10,47.29653409090911
1440,2016-12-11,49.27892045454546
1441,2016-12-12,69.0365340909091
1442,2016-12-13,50.50685064935064
1443,2016-12-14,39.696250000000006
1444,2016-12-15,108.04756493506494
1445,2016-12-16,141.308051948052
1446,2016-12-17,149.46112012987012
1447,2016-12-18,119.5386444805195
1448,2016-12-19,181.4719480519481
1449,2016-12-20,128.6350162337663
1450,2016-12-21,59.36937500000001
1451,2016-12-22,130.98020292207795
1452,2016-12-23,149.35949675324676
1453,2016-12-24,61.4587012987013
1454,2016-12-25,41.67710227272728
1455,2016-12-26,43.463108766233766
1456,2016-12-27,53.38769480519481
1457,2016-12-28,68.13989448051947
1458,2016-12-29,109.7343344155844
1459,2016-12-30,104.64798701298702
1460,2016-12-31,146.51385551948053
